combination,fundinglevel,variance,category,funding,moe
1,50,344.8039941,1,434.997,1143.149166
1,50,191.1278872,2,179.9235,632.9579207
1,50,342.8016978,3,355.36175,634.9592285
1,50,240.9403391,4,377.22375,790.8361164
1,50,180.824751,5,156.29175,1028.515495
1,100,505.6249744,1,1739.988,1086.278162
1,100,33.05803117,2,719.694,1150.975221
1,100,371.7019498,3,1421.447,699.8750343
1,100,241.3129211,4,1508.895,717.6343548
1,100,191.4048282,5,625.167,1058.309346
2,50,72.17277696,1,213.3625,1059.007365
2,50,21.45929074,2,210.301,741.9460514
2,50,373.9721861,3,605.768,920.7219248
2,50,138.4885386,4,548.7615,1167.944098
2,50,168.5051917,5,453.46,966.1557987
2,100,107.8696686,1,426.725,1188.781044
2,100,127.9815482,2,420.602,628.9487645
2,100,196.177897,3,1211.536,711.3948805
2,100,166.6274717,4,1097.523,944.5139263
2,100,198.5957574,5,906.92,1158.994488
3,50,682.1885227,1,1083.3565,757.5526525
3,50,351.2931643,2,570.148,1103.469316
3,50,144.1247568,3,1316.4915,618.4621528
3,50,745.2748499,4,1303.209,1347.093259
3,50,30.92999782,5,766.0435,1703.733878
3,100,518.8078902,1,2166.713,953.4650949
3,100,147.0205615,2,1140.296,1516.428573
3,100,332.2924588,3,2632.983,793.9657672
3,100,644.1971707,4,2606.418,704.2699941
3,100,437.4688593,5,1532.087,1133.74294
4,50,40.32782413,1,98.2245,1144.274988
4,50,55.03743408,2,457.387,880.2268828
4,50,9.776894102,3,611.015,1073.461151
4,50,18.77516553,4,69.934,641.7452834
4,50,157.7439277,5,605.8485,628.0711621
4,100,0.537471168,1,196.449,799.2889515
4,100,45.03339573,2,914.774,732.8459174
4,100,67.67855476,3,1222.03,1076.460733
4,100,7.122857359,4,139.868,838.8290576
4,100,105.2407834,5,1211.697,1200.506109
5,50,461.5624162,1,968.2185,2392.211359
5,50,429.79621,2,817.234,895.7330782
5,50,722.4223487,3,1321.7385,1311.768575
5,50,235.0007351,4,824.3815,2341.242807
5,50,75.33581799,5,918.432,925.738324
5,100,469.0220799,1,1936.437,1281.218293
5,100,332.3094134,2,1634.468,1382.423629
5,100,257.5705583,3,2643.477,1981.837343
5,100,30.5129859,4,1648.763,1251.039171
5,100,417.8815046,5,1836.864,843.5993325
6,50,182.6920114,1,311.587,2112.129652
6,50,294.3284343,2,667.688,701.068766
6,50,558.0675817,3,1216.783,630.3989312
6,50,168.6464197,4,618.6955,2257.322267
6,50,543.5678775,5,1059.3085,694.9819945
6,100,81.34980615,1,623.174,881.8238894
6,100,360.4435746,2,1335.376,1100.896109
6,100,556.6109667,3,2433.566,1838.145615
6,100,192.9502933,4,1237.391,2242.613163
6,100,161.6421355,5,2118.617,1135.396984
7,50,710.3564237,1,1181.581,1448.383204
7,50,9.797707555,2,1027.535,1296.001102
7,50,349.3442808,3,1927.5065,2015.868017
7,50,751.6219152,4,1373.143,915.4714344
7,50,623.0061582,5,1371.892,1749.299428
7,100,290.5685079,1,2363.162,1978.610832
7,100,146.9592299,2,2055.07,681.3875024
7,100,264.6465436,3,3855.013,2139.141762
7,100,47.66355238,4,2746.286,2398.2159
7,100,866.0815782,5,2743.784,2841.484918
8,50,466.9729426,1,800.068,1141.126292
8,50,42.05776812,2,605.3355,1157.740537
8,50,183.9816459,3,741.928,1147.15553
8,50,68.53742709,4,542.1655,675.1241787
8,50,120.1459697,5,432.3155,1108.342085
8,100,216.4945538,1,1600.136,1163.221036
8,100,152.812429,2,1210.671,611.6623703
8,100,259.157612,3,1483.856,988.5840357
8,100,226.2874547,4,1084.331,620.0953619
8,100,118.614541,5,864.631,643.0350282
9,50,161.6034448,1,1670.062,1157.939788
9,50,440.969824,2,965.1825,931.5084301
9,50,890.1357543,3,1452.6515,908.934193
9,50,562.6743453,4,1296.613,914.3614938
9,50,11.86278486,5,744.899,1040.610863
9,100,33.34497224,1,3340.124,1229.316465
9,100,541.9238073,2,1930.365,2396.104164
9,100,844.0131445,3,2905.303,1069.064412
9,100,515.0287029,4,2593.226,1814.95466
9,100,181.9558567,5,1489.798,1905.42713
10,50,115.2707746,1,1013.4305,1590.499177
10,50,386.3550053,2,815.6365,2225.767882
10,50,26.22925449,3,1347.696,1427.257604
10,50,480.8198425,4,1090.927,961.2698408
10,50,339.6825926,5,885.7755,1037.243111
10,100,540.887926,1,2026.861,2004.123276
10,100,134.0770371,2,1631.273,1813.705705
10,100,556.0098322,3,2695.392,675.2666184
10,100,516.1133004,4,2181.854,1906.424637
10,100,423.6314981,5,1771.551,2066.893249
11,50,501.0882939,1,1883.4245,1552.298416
11,50,601.1674391,2,1175.4835,2786.714034
11,50,3.449247432,3,2058.4195,1712.004754
11,50,936.9144451,4,1845.3745,1590.653454
11,50,213.9754505,5,1198.359,3048.222691
11,100,919.0931901,1,3766.849,2135.459509
11,100,539.6248261,2,2350.967,2311.66266
11,100,903.9709731,3,4116.839,2004.207105
11,100,682.3966302,4,3690.749,2026.609044
11,100,680.7905505,5,2396.718,2795.147164
12,50,336.1360971,1,898.2925,794.8878284
12,50,499.6554603,2,1062.7225,948.3451746
12,50,642.3520512,3,1352.943,853.7978476
12,50,293.0226701,4,612.0995,1333.302518
12,50,110.3859886,5,1038.164,1148.086072
12,100,74.84119196,1,1796.585,2129.624814
12,100,461.9682291,2,2125.445,2227.746895
12,100,393.6166301,3,2705.886,778.4438315
12,100,273.2858846,4,1224.199,1847.530901
12,100,304.4127591,5,2076.328,964.0702753
13,50,148.1133846,1,1768.2865,1170.317783
13,50,645.863645,2,1422.5695,2737.25202
13,50,673.8106815,3,2063.6665,2398.054015
13,50,326.2689032,4,1366.547,2482.653035
13,50,2.2234468,5,1350.7475,625.7971912
13,100,246.0684895,1,3536.573,1833.668451
13,100,731.6171462,2,2845.139,1011.459535
13,100,925.0817201,3,4127.333,2262.071953
13,100,423.4573998,4,2733.094,2640.306996
13,100,19.53384189,5,2701.495,2211.050189
14,50,109.4183385,1,1111.655,1775.773705
14,50,405.9710245,2,1273.0235,2025.579352
14,50,448.2105103,3,1958.711,1064.563207
14,50,32.49421683,4,1160.861,1463.652741
14,50,402.8210334,5,1491.624,2941.267404
14,100,91.40922589,1,2223.31,2391.057195
14,100,39.15536847,2,2546.047,782.3801977
14,100,1129.793709,3,3917.422,1293.918056
14,100,203.2208089,4,2321.722,2989.923812
14,100,292.7452755,5,2983.248,1802.696726
15,50,919.7381059,1,1981.649,2708.189553
15,50,144.1046112,2,1632.8705,948.3830606
15,50,397.4856431,3,2669.4345,2379.7936
15,50,1093.912312,4,1915.3085,2783.443669
15,50,972.1496234,5,1804.2075,2346.694319
15,100,993.3526724,1,3963.298,2868.065457
15,100,25.14226581,2,3265.741,1199.025183
15,100,1092.130603,3,5338.869,4006.524093
15,100,55.19995891,4,3830.617,2017.852553
15,100,16.14766284,5,3608.415,2647.127966
16,50,203.6371161,1,421.634,631.114768
16,50,61.82749764,2,212.172,1041.518509
16,50,8.466303472,3,134.856,776.0866864
16,50,79.66425609,4,231.0775,649.3250033
16,50,390.9386001,5,588.196,828.2260814
16,100,264.5060179,1,843.268,930.2246624
16,100,30.39758237,2,424.344,948.7138927
16,100,88.67485592,3,269.712,865.8444431
16,100,73.7551037,4,462.155,1043.281475
16,100,390.4536708,5,1176.392,927.8916622
17,50,197.1724452,1,1291.628,963.5836008
17,50,46.6158882,2,572.019,1287.180839
17,50,356.9081871,3,845.5795,1324.27314
17,50,480.097177,4,985.525,1115.860176
17,50,119.9266201,5,900.7795,2121.976161
17,100,670.5731902,1,2583.256,941.1275853
17,100,319.9536204,2,1144.038,1359.135705
17,100,111.4439641,3,1691.159,1696.892196
17,100,605.9099649,4,1971.05,2024.220584
17,100,87.63347517,5,1801.559,1335.777232
18,50,113.2629217,1,634.9965,1265.236359
18,50,127.2988479,2,422.473,2144.187033
18,50,388.2608456,3,740.624,1170.343757
18,50,286.3207313,4,779.839,2222.390124
18,50,211.0826735,5,1041.656,2147.147127
18,100,371.8895686,1,1269.993,809.7175524
18,100,278.2474142,2,844.946,1294.0955
18,100,138.9471268,3,1481.248,998.7592923
18,100,341.4463224,4,1559.678,1960.362288
18,100,168.45971,5,2083.312,1923.349929
19,50,804.542997,1,1504.9905,1176.912425
19,50,271.1699119,2,782.32,901.4055185
19,50,374.8484496,3,1451.3475,1624.250373
19,50,404.8645515,4,1534.2865,663.628658
19,50,435.3516904,5,1354.2395,1857.765371
19,100,203.322543,1,3009.981,1347.470855
19,100,311.3734807,2,1564.64,767.0095261
19,100,954.9222442,3,2902.695,2667.278071
19,100,86.58844505,4,3068.573,757.8965116
19,100,74.55395309,5,2708.479,601.691155
20,50,333.7412235,1,519.8585,1135.218709
20,50,243.6550608,2,669.559,2039.92385
20,50,7.318380719,3,745.871,1464.1393
20,50,37.1212994,4,301.0115,1814.184319
20,50,614.5721009,5,1194.0445,787.812639
20,100,139.4202191,1,1039.717,1260.193829
20,100,66.82180672,2,1339.118,798.6088968
20,100,211.772625,3,1491.742,2001.782635
20,100,24.07628019,4,602.023,1770.707409
20,100,46.67117541,5,2388.089,966.682714
21,50,853.2833134,1,1389.8525,2391.77101
21,50,240.3105016,2,1029.406,2283.751867
21,50,20.15012902,3,1456.5945,991.8165219
21,50,72.40421592,4,1055.459,686.3515309
21,50,353.9972064,5,1506.628,1127.109774
21,100,916.4367418,1,2779.705,935.8848676
21,100,305.2794522,2,2058.812,2440.724285
21,100,939.6011789,3,2913.189,3014.120329
21,100,86.65020675,4,2110.918,1301.644714
21,100,815.2932245,5,3013.256,1010.286179
22,50,482.695311,1,733.221,1412.074145
22,50,324.0965279,2,879.86,2542.292027
22,50,131.3611324,3,1351.639,2129.210644
22,50,517.6065457,4,849.773,2729.21788
22,50,624.6624876,5,1647.5045,2373.795711
22,100,231.6066035,1,1466.442,2371.638131
22,100,91.16060463,2,1759.72,2942.938739
22,100,565.6013344,3,2703.278,660.9422202
22,100,228.7875547,4,1699.546,2288.579521
22,100,579.4070385,5,3295.009,1990.575909
23,50,764.3896207,1,1603.215,3355.836985
23,50,486.3461329,2,1239.707,2207.967269
23,50,1182.520675,3,2062.3625,4143.949054
23,50,422.2556513,4,1604.2205,3639.536746
23,50,562.2170986,5,1960.088,2575.518419
23,100,199.6833293,1,3206.43,2095.100163
23,100,755.3728964,2,2479.414,1185.884449
23,100,561.0504561,3,4124.725,1278.399938
23,100,263.8732066,4,3208.441,2756.751148
23,100,810.5621635,5,3920.176,1227.78024
24,50,17.16118443,1,1221.702,1209.6149
24,50,228.5369752,2,817.5075,1696.800869
24,50,245.9298979,3,876.784,2278.971592
24,50,3.728163121,4,773.243,1444.973232
24,50,290.1966215,5,1020.5115,1469.388697
24,100,339.7173431,1,2443.404,1347.043271
24,100,231.5162276,2,1635.015,1938.7255
24,100,68.70824674,3,1753.568,1201.912811
24,100,382.2538339,4,1546.486,688.5971717
24,100,464.8166348,5,2041.023,2144.935736
25,50,806.4106017,1,2091.696,3395.363597
25,50,16.10335064,2,1177.3545,2126.312027
25,50,799.4050077,3,1587.5075,3321.962392
25,50,907.2643625,4,1527.6905,1936.533339
25,50,168.7810315,5,1333.095,2508.702265
25,100,860.5613124,1,4183.392,1745.413454
25,100,308.6004004,2,2354.709,3526.145839
25,100,936.9700994,3,3175.015,3103.080999
25,100,899.1210231,4,3055.381,1918.109472
25,100,624.4546464,5,2666.19,807.6560635
26,50,636.1841247,1,1435.0645,1890.572557
26,50,37.50225126,2,1027.8085,603.5647662
26,50,590.0726819,3,1482.552,957.5288543
26,50,523.9209158,4,1322.0045,766.0327424
26,50,661.756534,5,1473.9715,2891.12413
26,100,67.82734129,1,2870.129,1550.927916
26,100,675.0991523,2,2055.617,2089.261566
26,100,529.1913489,3,2965.104,1203.390185
26,100,147.3484515,4,2644.009,2474.733166
26,100,174.1064378,5,2947.943,2731.850078
27,50,1501.704059,1,2305.0585,3485.774257
27,50,898.568023,2,1387.6555,2111.501639
27,50,265.3557236,3,2193.2755,1319.326814
27,50,479.3682257,4,2076.452,3393.736349
27,50,187.123914,5,1786.555,4021.099176
27,100,219.07012,1,4610.117,4307.987698
27,100,774.2889791,2,2775.311,1069.003797
27,100,198.0985417,3,4386.551,2968.10571
27,100,25.34245685,4,4152.904,1408.057091
27,100,555.1050138,5,3573.11,2802.028758
28,50,233.535,1,1319.9265,2296.455951
28,50,830.3525054,2,1274.8945,1085.404012
28,50,306.5684218,3,1487.799,3141.741759
28,50,287.4032435,4,843.177,684.7505065
28,50,660.500343,5,1626.36,978.2698601
28,100,108.9753217,1,2639.853,904.1637136
28,100,76.18779833,2,2549.789,629.1373523
28,100,925.2475918,3,2975.598,3106.797185
28,100,314.1378914,4,1686.354,1200.376647
28,100,962.6560436,5,3252.72,859.6731619
29,50,1362.928881,1,2189.9205,2102.691385
29,50,675.0270312,2,1634.7415,1067.199198
29,50,720.5531397,3,2198.5225,827.5009278
29,50,642.4484019,4,1597.6245,2087.364445
29,50,91.41304626,5,1938.9435,1200.38186
29,100,1162.045543,1,4379.841,2139.828815
29,100,197.6666712,2,3269.483,1208.516686
29,100,1331.209484,3,4397.045,3253.156176
29,100,207.7435234,4,3195.249,3367.425697
29,100,572.8802735,5,3877.887,3387.844187
30,50,286.0333246,1,1533.289,1283.056833
30,50,634.1999761,2,1485.1955,3122.795829
30,50,883.5995577,3,2093.567,2455.069049
30,50,812.0323362,4,1391.9385,2462.325989
30,50,329.8641875,5,2079.82,3165.706642
30,100,1015.69207,1,3066.578,1110.424161
30,100,977.1568601,2,2970.391,1534.958643
30,100,519.6018854,3,4187.134,4076.715821
30,100,65.85708447,4,2783.877,772.2781331
30,100,861.6511172,5,4159.64,2633.392705
31,50,224.2823463,1,2403.283,4379.525118
31,50,226.6846102,2,1845.0425,4446.475136
31,50,1779.559155,3,2804.2905,2993.696049
31,50,1140.755195,4,2146.386,2314.899321
31,50,971.16835,5,2392.4035,897.7163822
31,100,1290.786408,1,4806.566,862.1945366
31,100,872.3151387,2,3690.085,3363.166796
31,100,107.7086745,3,5608.581,1403.03978
31,100,1242.637791,4,4292.772,2112.145343
31,100,77.49436284,5,4784.807,665.5147153
32,50,117.4845992,1,523.519,632.9488278
32,50,278.912324,2,638.1105,1105.352938
32,50,442.2620373,3,755.646,845.0987707
32,50,13.99748865,4,44.1415,937.227612
32,50,302.3929244,5,762.174,1058.485398
32,100,318.2705245,1,1047.038,883.9977781
32,100,209.7397009,2,1276.221,659.9169262
32,100,220.4796303,3,1511.292,674.3737511
32,100,17.97556847,4,88.283,839.9253609
32,100,110.9894674,5,1524.348,887.6409486
33,50,409.3559685,1,1393.513,955.124582
33,50,498.3933368,2,997.9575,1069.880683
33,50,595.682814,3,1466.3695,1584.115407
33,50,17.45656932,4,798.589,1302.83112
33,50,245.7834345,5,1074.7575,1793.712094
33,100,796.0880429,1,2787.026,1139.175747
33,100,148.0010153,2,1995.915,1672.702246
33,100,543.6883056,3,2932.739,2298.356492
33,100,267.2060884,4,1597.178,2365.154746
33,100,594.5547977,5,2149.515,793.6386673
34,50,340.2314561,1,736.8815,900.9294486
34,50,75.85994762,2,848.4115,978.1830331
34,50,225.9729117,3,1361.414,810.4165102
34,50,268.3401772,4,592.903,959.8792697
34,50,242.4881465,5,1215.634,927.6473226
34,100,8.221815975,1,1473.763,2016.694557
34,100,9.548704516,2,1696.823,1634.331448
34,100,223.3911899,3,2722.828,679.4889687
34,100,60.48025384,4,1185.806,1563.35937
34,100,318.1398715,5,2431.268,1926.000935
35,50,115.6769561,1,1606.8755,1006.735454
35,50,173.9155352,2,1208.2585,2659.824165
35,50,1172.850765,3,2072.1375,1134.852916
35,50,84.66653693,4,1347.3505,1833.95822
35,50,843.6793083,5,1528.2175,2919.329086
35,100,840.9825281,1,3213.751,2026.988238
35,100,396.3725455,2,2416.517,1814.457534
35,100,1299.629144,3,4144.275,1097.422262
35,100,317.8109001,4,2694.701,2403.832141
35,100,410.2817925,5,3056.435,883.0768588
36,50,135.1716006,1,621.7435,1167.025928
36,50,270.2379725,2,1095.4975,1024.707596
36,50,626.3180844,3,1366.661,1240.858993
36,50,27.32524704,4,114.0755,1141.088369
36,50,44.087467,5,1368.0225,1261.44697
36,100,236.5774194,1,1243.487,1830.956694
36,100,365.7862008,2,2190.995,840.6493288
36,100,774.3133307,3,2733.322,1999.60472
36,100,15.72969113,4,228.151,717.1714145
36,100,59.33021853,5,2736.045,1110.167123
37,50,443.2179686,1,1491.7375,861.3855452
37,50,216.8775971,2,1455.3445,2900.12492
37,50,183.8281619,3,2077.3845,1291.887854
37,50,154.6041384,4,868.523,3324.855359
37,50,1060.608253,5,1680.606,982.1086299
37,100,439.3796075,1,2983.475,828.6463016
37,100,201.5396565,2,2910.689,2166.587657
37,100,1145.13827,3,4154.769,1920.326832
37,100,361.2339364,4,1737.046,1120.065826
37,100,564.4148516,5,3361.212,2028.67962
38,50,96.76976777,1,835.106,861.0592894
38,50,808.9312985,2,1305.7985,2794.503305
38,50,689.2319901,3,1972.429,1546.138838
38,50,387.3533617,4,662.837,1173.791983
38,50,784.9295715,5,1821.4825,1780.421304
38,100,233.5901807,1,1670.212,1278.366703
38,100,699.3043124,2,2611.597,3438.881866
38,100,129.992398,3,3944.858,1809.769966
38,100,409.4435322,4,1325.674,1120.444371
38,100,545.6079603,5,3642.965,1635.115638
39,50,720.3146129,1,1705.1,2172.657388
39,50,892.0155933,2,1665.6455,4433.452245
39,50,807.2033993,3,2683.1525,1917.315977
39,50,748.7467166,4,1417.2845,2536.238282
39,50,596.6254562,5,2134.066,2952.282964
39,100,301.8997142,1,3410.2,2245.580361
39,100,363.89766,2,3331.291,2471.116501
39,100,1538.83896,3,5366.305,1837.430284
39,100,595.0394691,4,2834.569,2520.622955
39,100,890.9099667,5,4268.132,891.0801345
40,50,415.2740851,1,1323.587,2083.148531
40,50,47.03541436,2,1243.446,1221.281981
40,50,385.8150272,3,1497.574,1208.449526
40,50,313.6081606,4,586.307,622.3966623
40,50,551.2525147,5,1194.4895,1973.79453
40,100,578.7411953,1,2647.174,701.3622016
40,100,19.62104486,2,2486.892,2210.188663
40,100,906.5034384,3,2995.148,2231.360319
40,100,265.2800545,4,1172.614,888.8244677
40,100,468.7127398,5,2388.979,951.231068
41,50,747.019569,1,2193.581,928.2495668
41,50,808.8151416,2,1603.293,1407.257954
41,50,774.8545937,3,2208.2975,2806.752823
41,50,738.3981532,4,1340.7545,997.5535555
41,50,736.5549063,5,1507.073,2681.198731
41,100,262.6861347,1,4387.162,2176.737709
41,100,465.5388964,2,3206.586,935.8874042
41,100,743.6049093,3,4416.595,1672.094408
41,100,222.6791833,4,2681.509,855.268392
41,100,299.3549347,5,3014.146,708.2609624
42,50,881.8472769,1,1536.9495,727.6385873
42,50,399.5538869,2,1453.747,2153.074871
42,50,19.13361991,3,2103.342,2615.869284
42,50,169.5451413,4,1135.0685,1219.507253
42,50,1011.923715,5,1647.9495,909.4642731
42,100,917.6780037,1,3073.899,706.5880414
42,100,900.0726221,2,2907.494,1063.000471
42,100,173.5702154,3,4206.684,1726.644141
42,100,454.4638143,4,2270.137,1955.245381
42,100,438.6511516,5,3295.899,2806.52341
43,50,48.5474077,1,2406.9435,1873.154534
43,50,225.0671228,2,1813.594,2934.751551
43,50,846.2850343,3,2814.0655,2901.002558
43,50,1094.242117,4,1889.516,3262.980109
43,50,975.1758711,5,1960.533,873.927848
43,100,143.4266876,1,4813.887,886.5323455
43,100,1157.102952,2,3627.188,603.2225787
43,100,9.131193212,3,5628.131,1655.391199
43,100,75.8946167,4,3779.032,2099.643964
43,100,421.4638359,5,3921.066,678.7348734
44,50,106.6728908,1,1421.8115,985.1202832
44,50,98.77594466,2,1700.833,2993.366791
44,50,838.1347592,3,2108.589,1701.08724
44,50,371.8454582,4,656.241,2431.599861
44,50,330.9515862,5,1800.338,1214.448295
44,100,263.2795827,1,2843.623,2330.18613
44,100,415.789222,2,3401.666,874.9312038
44,100,265.4393479,3,4217.178,3476.707169
44,100,226.5051717,4,1312.482,2900.872754
44,100,458.8111157,5,3600.676,751.9395938
45,50,735.366534,1,2291.8055,915.2589147
45,50,425.7210081,2,2060.68,1186.216724
45,50,1573.367763,3,2819.3125,1941.956197
45,50,774.5002605,4,1410.6885,3290.907015
45,50,992.0132643,5,2112.9215,4477.720992
45,100,1192.221259,1,4583.611,2932.138553
45,100,381.7571158,2,4121.36,3720.969689
45,100,1188.57106,3,5638.625,903.1055324
45,100,140.1083174,4,2821.377,1640.087246
45,100,1133.031392,5,4225.843,2769.775098
46,50,178.329511,1,1635.174,3051.660997
46,50,403.9264868,2,1911.134,3737.71639
46,50,1472.413731,3,2714.357,2512.423867
46,50,213.7088953,4,1205.0025,2802.251779
46,50,1093.345525,5,2253.798,2578.326744
46,100,770.7036179,1,3270.348,1438.350579
46,100,996.7778728,2,3822.268,2964.271817
46,100,227.9206391,3,5428.714,1166.588956
46,100,628.02416,4,2410.005,1094.868891
46,100,624.9901756,5,4507.596,3581.965461
47,50,676.6839988,1,2505.168,3006.071739
47,50,18.88889624,2,2270.981,3809.127874
47,50,1129.619894,3,3425.0805,2312.71219
47,50,941.3957076,4,1959.45,3274.808916
47,50,1359.853359,5,2566.3815,4346.145969
47,100,220.4664106,1,5010.336,4196.402566
47,100,325.6813257,2,4541.962,4645.163983
47,100,714.3470464,3,6850.161,2689.41623
47,100,1247.13858,4,3918.9,666.4889849
47,100,1160.848125,5,5132.763,3501.333667
48,50,272.8738844,1,945.153,880.4906016
48,50,459.5307748,2,850.2825,813.5581862
48,50,503.0472955,3,890.502,1236.288552
48,50,121.9845908,4,275.219,1280.046111
48,50,571.4088483,5,1350.37,718.084067
48,100,146.0862783,1,1890.306,1822.812334
48,100,94.20528499,2,1700.565,2385.93246
48,100,324.3312858,3,1781.004,1439.152778
48,100,1.537590213,4,550.438,1025.149284
48,100,813.8469971,5,2700.74,745.2181893
49,50,803.8004088,1,1815.147,3205.70581
49,50,202.178429,2,1210.1295,2694.84073
49,50,234.9512236,3,1601.2255,623.7343913
49,50,31.96945328,4,1029.6665,1585.220756
49,50,902.1195172,5,1662.9535,2915.606727
49,100,25.20008936,1,3630.294,2665.45283
49,100,329.887109,2,2420.259,1098.866971
49,100,25.73240459,3,3202.451,923.1507287
49,100,582.322819,4,2059.333,933.602351
49,100,931.9082014,5,3325.907,1979.237733
50,50,506.384577,1,1158.5155,1254.916057
50,50,602.5885441,2,1060.5835,1127.172255
50,50,830.3682015,3,1496.27,2255.756898
50,50,212.931409,4,823.9805,3504.606855
50,50,36.24745362,5,1803.83,2788.529876
50,100,322.3657631,1,2317.031,2475.0985
50,100,507.2053159,2,2121.167,3016.7802
50,100,598.8665329,3,2992.54,2274.927923
50,100,363.0723671,4,1647.961,901.5231292
50,100,438.8586816,5,3607.66,992.3879007
51,50,901.0591692,1,2028.5095,4257.346075
51,50,891.1167866,2,1420.4305,631.6813681
51,50,653.7495815,3,2206.9935,3356.522624
51,50,127.8020912,4,1578.428,1286.095406
51,50,1115.203478,5,2116.4135,4755.828051
51,100,1200.487093,1,4057.019,1058.922712
51,100,43.27286983,2,2840.861,1178.096421
51,100,255.6524079,3,4413.987,2791.480726
51,100,899.1983712,4,3156.856,701.2441359
51,100,986.2266116,5,4232.827,2446.377919
52,50,677.013681,1,1043.3775,1486.856158
52,50,269.8836613,2,1307.6695,880.7312869
52,50,275.1526971,3,1501.517,612.7318805
52,50,155.0632309,4,345.153,3375.386141
52,50,306.2872127,5,1956.2185,1475.162156
52,100,210.4942177,1,2086.755,835.2187901
52,100,195.5735144,2,2615.339,1859.338493
52,100,105.3896108,3,3003.034,1939.633563
52,100,210.8345921,4,690.306,1844.352184
52,100,1134.278328,5,3912.437,600.366372
53,50,1102.403032,1,1913.3715,2971.702706
53,50,443.4907212,2,1667.5165,2296.336682
53,50,1016.794197,3,2212.2405,2898.248629
53,50,711.1814066,4,1099.6005,3539.666546
53,50,289.5075322,5,2268.802,2888.934001
53,100,20.46671954,1,3826.743,2417.75459
53,100,364.7393441,2,3335.033,728.4896029
53,100,1255.99737,3,4424.481,1834.387768
53,100,178.006673,4,2199.201,2454.26617
53,100,363.7680469,5,4537.604,4248.25048
54,50,13.24741854,1,1256.74,2071.242381
54,50,232.3310532,2,1517.9705,3271.012128
54,50,295.2918954,3,2107.285,4364.36494
54,50,21.13561343,4,893.9145,2044.521998
54,50,1094.07134,5,2409.6785,2926.026727
54,100,553.4392473,1,2513.48,865.3587071
54,100,40.02121326,2,3035.941,4561.059649
54,100,542.0232804,3,4214.57,1863.299828
54,100,22.89691488,4,1787.829,1135.933721
54,100,188.4941432,5,4819.357,3755.210472
55,50,1377.836107,1,2126.734,4306.665575
55,50,3.906318427,2,1877.8175,4941.868602
55,50,476.1753959,3,2818.0085,4496.692158
55,50,92.13787708,4,1648.362,1038.92285
55,50,1753.703129,5,2722.262,3589.31278
55,100,1326.575771,1,4253.468,5218.476363
55,100,600.4628025,2,3755.635,2817.622668
55,100,1104.288856,3,5636.017,719.3671766
55,100,618.8690305,4,3296.724,2450.243677
55,100,787.5102399,5,5444.524,3890.729483
56,50,1131.64089,1,1745.221,1253.684997
56,50,758.8645927,2,1455.618,2283.793818
56,50,439.1983122,3,1632.43,1073.189573
56,50,37.16219813,4,817.3845,974.0145056
56,50,1112.359217,5,1782.6855,1179.329457
56,100,841.9013694,1,3490.442,1663.656891
56,100,771.2093836,2,2911.236,1045.54947
56,100,153.308417,3,3264.86,863.9176237
56,100,366.2848455,4,1634.769,2400.915968
56,100,709.3516269,5,3565.371,941.1116974
57,50,1665.130306,1,2615.215,2321.085171
57,50,113.0445954,2,1815.465,2771.290675
57,50,194.544255,3,2343.1535,694.3917066
57,50,240.4584358,4,1571.832,2284.704464
57,50,700.1403614,5,2095.269,649.8038746
57,100,1519.298026,1,5230.43,1966.194953
57,100,1012.302031,2,3630.93,1125.395845
57,100,396.9717938,3,4686.307,1176.838068
57,100,324.3909922,4,3143.664,913.8682219
57,100,1066.437408,5,4190.538,3381.677974
58,50,1139.206622,1,1958.5835,4655.40504
58,50,1023.743537,2,1665.919,875.0911738
58,50,1280.783793,3,2238.198,1154.560173
58,50,284.3147027,4,1366.146,2562.213413
58,50,344.1574663,5,2236.1455,1851.569958
58,100,980.1184068,1,3917.167,1737.804743
58,100,133.1708211,2,3331.838,2539.504019
58,100,110.2023754,3,4476.396,3369.820356
58,100,346.6563736,4,2732.292,1958.514828
58,100,789.7888888,5,4472.291,1025.886419
59,50,82.71079939,1,2828.5775,1503.154857
59,50,740.5486126,2,2025.766,845.3497455
59,50,306.2127819,3,2948.9215,1408.916831
59,50,334.0686808,4,2120.5935,4837.926497
59,50,0.540387541,5,2548.729,2470.580623
59,100,1250.200339,1,5657.155,3606.699974
59,100,92.8315809,2,4051.532,822.6524512
59,100,757.6116306,3,5897.843,4342.966199
59,100,1025.585199,4,4241.187,4496.981641
59,100,269.8038851,5,5097.458,3685.579277
60,50,74.99798585,1,1843.4455,2391.675405
60,50,550.1108645,2,1913.005,3514.961496
60,50,89.36384202,3,2243.445,2659.513182
60,50,212.0417167,4,887.3185,840.2991268
60,50,1252.81574,5,2388.534,3559.172241
60,100,476.6023596,1,3686.891,1116.624086
60,100,149.1361224,2,3826.01,4801.735758
60,100,990.9850782,3,4486.89,2638.718383
60,100,427.1133583,4,1774.637,774.9929137
60,100,159.0693551,5,4777.068,2077.128027
61,50,525.4866093,1,2713.4395,5883.31402
61,50,1160.2407,2,2272.852,2433.268147
61,50,1950.822284,3,2954.1685,780.0508245
61,50,863.2708796,4,1641.766,807.518196
61,50,330.5267443,5,2701.1175,3166.503438
61,100,661.7932742,1,5426.879,3994.750142
61,100,392.5687957,2,4545.704,5691.373258
61,100,1116.028015,3,5908.337,4699.19568
61,100,447.5688154,4,3283.532,4241.329087
61,100,644.3814208,5,5402.235,2626.727287
62,50,397.553218,1,2056.808,4240.756672
62,50,1412.488888,2,2123.306,749.7101943
62,50,1501.307294,3,2849.213,3296.163032
62,50,737.4073121,4,1436.08,1097.675741
62,50,1526.233199,5,2841.994,2315.808813
62,100,13.20502655,1,4113.616,2399.140411
62,100,812.2019165,2,4246.612,3115.216939
62,100,1799.289832,3,5698.426,3778.701852
62,100,825.6392978,4,2872.16,691.9785731
62,100,1457.516356,5,5683.988,5784.031786
63,50,1732.937246,1,2926.802,2705.258907
63,50,619.3981991,2,2483.153,1055.746657
63,50,368.4068917,3,3559.9365,2832.409161
63,50,236.1335284,4,2190.5275,5784.921918
63,50,1574.368001,5,3154.5775,3077.795084
63,100,1862.547659,1,5853.604,2996.172629
63,100,1650.292416,2,4966.306,2081.912612
63,100,1494.51728,3,7119.873,840.4946936
63,100,179.7964667,4,4381.055,4526.154709
63,100,913.2069796,5,6309.155,3912.383373
64,50,87.36330517,1,416.342,1135.099274
64,50,38.77699668,2,219.5855,839.8225358
64,50,163.587801,3,692.1775,681.329664
64,50,108.3750901,4,700.4355,1098.495296
64,50,309.4917054,5,868.082,919.9348901
64,100,145.2216776,1,832.684,700.4203227
64,100,77.36643382,2,439.171,1032.761171
64,100,341.3192922,3,1384.355,805.9879695
64,100,80.92090214,4,1400.871,1161.004646
64,100,84.30856564,5,1736.164,1187.941328
65,50,743.351523,1,1286.336,1580.183595
65,50,209.3985441,2,579.4325,1065.816346
65,50,50.23597897,3,1402.901,2391.005006
65,50,821.1686326,4,1454.883,1290.321845
65,50,708.4971328,5,1180.6655,1297.236639
65,100,254.2568998,1,2572.672,731.1468267
65,100,354.0999829,2,1158.865,699.1707107
65,100,769.3545864,3,2805.802,2028.428885
65,100,94.3712759,4,2909.766,801.1281605
65,100,552.5652464,5,2361.331,1525.602521
66,50,142.9353763,1,629.7045,1239.985209
66,50,160.7800852,2,429.8865,1781.40731
66,50,782.4826744,3,1297.9455,1315.876207
66,50,480.2539141,4,1249.197,857.7687906
66,50,395.2857642,5,1321.542,1263.089802
66,100,393.6322518,1,1259.409,603.1993915
66,100,120.3163226,2,859.773,905.3673404
66,100,328.8933765,3,2595.891,634.6653886
66,100,84.87284507,4,2498.394,939.4968801
66,100,745.9488692,5,2643.084,999.7118683
67,50,194.9280359,1,1499.6985,690.6128125
67,50,256.3864406,2,789.7335,858.0001114
67,50,1321.065079,3,2008.669,1223.187176
67,50,972.0435435,4,2003.6445,607.827319
67,50,465.2066582,5,1634.1255,1840.745065
67,100,356.9645262,1,2999.397,3187.092916
67,100,344.8614314,2,1579.467,2278.052743
67,100,51.74835482,3,4017.338,996.3359227
67,100,369.0220935,4,4007.289,2268.653362
67,100,331.0187088,5,3268.251,2274.743222
68,50,309.5427944,1,514.5665,1463.956423
68,50,36.71516666,2,676.9725,1090.019473
68,50,84.34524611,3,1303.1925,770.9519996
68,50,60.04329223,4,770.3695,2359.808229
68,50,525.9078436,5,1473.9305,1172.368279
68,100,272.457539,1,1029.133,699.3877995
68,100,356.7754666,2,1353.945,1734.432594
68,100,264.8243263,3,2606.385,2305.091745
68,100,482.7150407,4,1540.739,2297.325293
68,100,957.3447184,5,2947.861,858.7448905
69,50,651.2883201,1,1384.5605,3040.930875
69,50,54.73996743,2,1036.8195,3360.084206
69,50,276.3656537,3,2013.916,2273.088196
69,50,650.222929,4,1524.817,2087.9002
69,50,926.9468792,5,1786.514,1699.442767
69,100,76.66208819,1,2769.121,1124.848092
69,100,94.74644902,2,2073.639,999.6830283
69,100,1021.512062,3,4027.832,1049.854549
69,100,414.1033273,4,3049.634,994.8725128
69,100,837.2646614,5,3573.028,1096.970974
70,50,429.1253825,1,727.929,866.5718931
70,50,234.3312721,2,887.2735,868.7910665
70,50,1097.714658,3,1908.9605,2992.549476
70,50,450.1585217,4,1319.131,1177.610382
70,50,141.0928786,5,1927.3905,1303.986852
70,100,74.08046193,1,1455.858,2885.924342
70,100,314.4086945,2,1774.547,1965.847404
70,100,798.4195242,3,3817.921,920.2034669
70,100,716.7154551,4,2638.262,877.9995293
70,100,947.7118754,5,3854.781,2984.580591
71,50,679.2785951,1,1597.923,2999.402331
71,50,401.6720121,2,1247.1205,2311.903498
71,50,350.8434104,3,2619.684,1668.739469
71,50,196.8265559,4,2073.5785,1477.198468
71,50,1330.189277,5,2239.974,839.9117355
71,100,121.1030715,1,3195.846,917.7392129
71,100,291.6717086,2,2494.241,1068.988462
71,100,1476.754266,3,5239.368,3205.089612
71,100,115.8289036,4,4147.157,2003.003908
71,100,1319.670042,5,4479.948,1359.350366
72,50,229.2290776,1,1216.41,2401.14885
72,50,223.331465,2,824.921,1868.747568
72,50,13.37431633,3,1434.1055,1819.784099
72,50,195.0804289,4,1242.601,1178.391474
72,50,766.7398384,5,1300.3975,1306.198689
72,100,264.0088727,1,2432.82,1439.217978
72,100,213.6687903,2,1649.842,2335.541314
72,100,126.8154689,3,2868.211,2101.930403
72,100,134.5186652,4,2485.202,1537.72507
72,100,298.5763924,5,2600.795,706.5228357
73,50,1025.104873,1,2086.404,2203.67745
73,50,111.4848329,2,1184.768,1141.652569
73,50,680.953479,3,2144.829,805.5178544
73,50,191.1271353,4,1997.0485,769.0820739
73,50,364.1807719,5,1612.981,2013.497269
73,100,312.6591359,1,4172.808,3556.436838
73,100,579.3725035,2,2369.536,3021.844933
73,100,850.2484159,3,4289.658,1509.94276
73,100,842.068431,4,3994.097,2362.89786
73,100,853.6526513,5,3225.962,1175.884581
74,50,528.5408801,1,1429.7725,2312.703426
74,50,77.16947567,2,1035.222,1328.120798
74,50,1030.596564,3,2039.8735,2141.955384
74,50,234.4059876,4,1791.3625,2120.222583
74,50,594.3231877,5,1753.8575,2323.134937
74,100,532.0636347,1,2859.545,2321.479555
74,100,78.74553538,2,2070.444,1837.678637
74,100,1169.348299,3,4079.747,2465.513357
74,100,231.9032901,4,3582.725,1938.949428
74,100,1142.286717,5,3507.715,1385.01803
75,50,538.9570371,1,2299.7665,4436.825733
75,50,303.4840745,2,1395.069,1918.890377
75,50,328.4877567,3,2750.597,4430.298487
75,50,1371.648113,4,2545.81,3308.810923
75,50,863.6774716,5,2066.441,3611.283734
75,100,1383.689469,1,4599.533,2671.991798
75,100,427.0806651,2,2790.138,3394.914445
75,100,740.4165334,3,5501.194,1105.11893
75,100,169.3892844,4,5091.62,4241.461159
75,100,618.0390849,5,4132.882,1108.231915
76,50,592.1456786,1,1314.6345,2373.460919
76,50,290.2166763,2,1282.308,1955.57869
76,50,733.0069161,3,2045.1205,1068.964502
76,50,295.4582321,4,1312.535,719.698527
76,50,148.3481977,5,1906.246,969.9812449
76,100,798.1179035,1,2629.269,1875.670417
76,100,283.0985544,2,2564.616,1145.542874
76,100,114.7335161,3,4090.241,2765.702144
76,100,435.761105,4,2625.07,2669.667068
76,100,1182.272017,5,3812.492,1408.544202
77,50,930.6174638,1,2184.6285,3052.752378
77,50,1016.170924,2,1642.155,2223.008253
77,50,585.6030033,3,2755.844,1812.131372
77,50,585.8229979,4,2066.9825,3914.126753
77,50,1321.472532,5,2218.8295,1635.911045
77,100,720.2446145,1,4369.257,2679.766708
77,100,1006.848752,2,3284.31,1847.942407
77,100,20.82153879,3,5511.688,797.3624226
77,100,813.5884165,4,4133.965,2610.749369
77,100,1029.798544,5,4437.659,1730.850399
78,50,84.57449681,1,1527.997,790.3625851
78,50,975.6119373,2,1492.609,1032.155422
78,50,741.318461,3,2650.8885,1075.307007
78,50,598.5905198,4,1861.2965,1575.794042
78,50,139.6131459,5,2359.706,2306.273754
78,100,22.3898128,1,3055.994,1501.823614
78,100,345.0341143,2,2985.218,1052.345096
78,100,1512.661537,3,5301.777,2371.016489
78,100,921.8179295,4,3722.593,3672.55404
78,100,1090.953466,5,4719.412,2101.738841
79,50,1190.61561,1,2397.991,975.0424637
79,50,1124.390255,2,1852.456,725.0109493
79,50,730.6411222,3,3361.612,699.9124221
79,50,1165.624912,4,2615.744,3993.905723
79,50,80.94799592,5,2672.2895,1790.01328
79,100,875.5167539,1,4795.982,3871.217605
79,100,283.1686188,2,3704.912,767.6204666
79,100,260.9888257,3,6723.224,968.0858445
79,100,115.8462402,4,5231.488,3433.68685
79,100,1656.218356,5,5344.579,2894.274189
80,50,331.8786568,1,837.976,2052.261195
80,50,87.66248426,2,431.7575,700.1103288
80,50,45.63568557,3,827.0335,1466.287528
80,50,33.63925336,4,931.513,805.2913976
80,50,264.7219764,5,1456.278,1243.647387
80,100,526.2369329,1,1675.952,824.4960167
80,100,20.82950049,2,863.515,1056.505835
80,100,516.9707813,3,1654.067,1726.606179
80,100,320.167844,4,1863.026,2327.494598
80,100,538.0905306,5,2912.556,797.3357452
81,50,742.8579691,1,1707.97,678.5118292
81,50,447.4950208,2,791.6045,944.7194582
81,50,866.1857227,3,1537.757,1780.899568
81,50,1039.582288,4,1685.9605,1741.965484
81,50,1147.542106,5,1768.8615,891.4822058
81,100,484.3636058,1,3415.94,692.2001566
81,100,437.053085,2,1583.209,1117.506084
81,100,422.9183249,3,3075.514,2707.464503
81,100,207.4474002,4,3371.921,2127.359315
81,100,267.7905243,5,3537.723,2072.53584
82,50,698.0682781,1,1051.3385,980.5288671
82,50,324.7336655,2,642.0585,3539.38556
82,50,207.001794,3,1432.8015,1284.146046
82,50,254.6321827,4,1480.2745,2152.456124
82,50,624.1935447,5,1909.738,2672.249575
82,100,411.2336938,1,2102.677,1446.284214
82,100,257.2488533,2,1284.117,3004.121367
82,100,40.56981214,3,2865.603,1367.258016
82,100,390.2123046,4,2960.549,892.9162508
82,100,884.1864427,5,3819.476,3076.892331
83,50,1164.737535,1,1921.3325,3583.120587
83,50,223.9594349,2,1001.9055,3515.913361
83,50,169.4091958,3,2143.525,3114.111134
83,50,1046.060146,4,2234.722,840.4316227
83,50,212.1192977,5,2222.3215,3136.560881
83,100,396.8092484,1,3842.665,3413.530918
83,100,151.0594879,2,2003.811,1951.683912
83,100,1379.904218,3,4287.05,888.898235
83,100,1057.811636,4,4469.444,3150.39163
83,100,98.55471462,5,4444.643,2625.072467
84,50,469.6055368,1,936.2005,2184.249255
84,50,304.7019185,2,889.1445,1938.082924
84,50,668.9051295,3,1438.0485,2836.406178
84,50,417.5463557,4,1001.447,1818.387036
84,50,1078.984639,5,2062.1265,3000.965883
84,100,188.4192608,1,1872.401,3047.884192
84,100,129.5249804,2,1778.289,1849.643177
84,100,519.2781909,3,2876.097,772.7251492
84,100,33.78755242,4,2002.894,1823.490993
84,100,1052.103486,5,4124.253,1842.321391
85,50,1079.381638,1,1806.1945,2794.885105
85,50,241.7750702,2,1248.9915,1053.662168
85,50,841.6260481,3,2148.772,2609.535906
85,50,588.7268403,4,1755.8945,3017.089732
85,50,677.6756781,5,2374.71,2102.291381
85,100,1195.831974,1,3612.389,4243.911262
85,100,59.47758417,2,2497.983,2796.320911
85,100,1080.191891,3,4297.544,4097.612448
85,100,120.6138283,4,3511.789,2051.701503
85,100,1116.340696,5,4749.42,1074.779231
86,50,25.09233018,1,1149.563,4675.427613
86,50,323.8754195,2,1099.4455,2312.134934
86,50,894.6715284,3,2043.8165,2206.183179
86,50,1026.347901,4,1550.2085,1176.514017
86,50,461.6489985,5,2515.5865,1219.642023
86,100,409.2637953,1,2299.126,3828.505945
86,100,35.46299358,2,2198.891,3725.238723
86,100,218.8200465,3,4087.633,1433.813094
86,100,212.7718534,4,3100.417,2825.903023
86,100,0.209952763,5,5031.173,1944.046773
87,50,525.5820276,1,2019.557,2076.92593
87,50,636.7409658,2,1459.2925,2155.564201
87,50,1192.988124,3,2754.54,2481.415532
87,50,960.974346,4,2304.656,686.0439649
87,50,657.3147275,5,2828.17,2801.225796
87,100,628.8455844,1,4039.114,3854.058947
87,100,649.2777759,2,2918.585,1978.085036
87,100,1592.394792,3,5509.08,2984.654944
87,100,505.0765238,4,4609.312,2298.187698
87,100,1356.546957,5,5656.34,3614.066986
88,50,487.3270747,1,1638.044,2860.607968
88,50,479.458109,2,1037.093,2369.884856
88,50,681.3090845,3,1568.9615,2453.972463
88,50,360.8796712,4,1473.6785,1653.212877
88,50,145.054775,5,1888.5935,971.0271667
88,100,282.7112522,1,3276.088,3517.856952
88,100,508.4099781,2,2074.186,2437.048134
88,100,356.2848522,3,3137.923,1957.457939
88,100,936.7656397,4,2947.357,2334.212701
88,100,344.2689468,5,3777.187,2523.669801
89,50,1250.748923,1,2508.038,891.7662893
89,50,244.6579682,2,1396.94,1037.275004
89,50,158.4556219,3,2279.685,2988.00459
89,50,471.4411348,4,2228.126,669.7983873
89,50,932.1844771,5,2201.177,3787.533897
89,100,544.3940174,1,5016.076,2496.182424
89,100,780.3734746,2,2793.88,3021.013035
89,100,330.9927967,3,4559.37,1827.720817
89,100,248.9156919,4,4456.252,3232.838665
89,100,175.7259692,5,4402.354,4794.89378
90,50,245.5472112,1,1851.4065,615.9192793
90,50,80.27175273,2,1247.394,1066.191161
90,50,1442.175543,3,2174.7295,1167.950637
90,50,552.090109,4,2022.44,1085.209647
90,50,1011.73884,5,2342.0535,3595.103109
90,100,976.1082018,1,3702.813,3834.676655
90,100,181.7193867,2,2494.788,1532.68865
90,100,833.696574,3,4349.459,3497.162143
90,100,1122.069794,4,4044.88,1285.475725
90,100,958.0424838,5,4684.107,4324.490476
91,50,662.1898766,1,2721.4005,3322.905475
91,50,96.28996682,2,1607.241,1012.091442
91,50,265.1333435,3,2885.453,1472.746176
91,50,927.9516603,4,2776.8875,5342.363061
91,50,1482.113245,5,2654.637,2203.65495
91,100,1247.053554,1,5442.801,2226.866723
91,100,428.2335922,2,3214.482,1137.009132
91,100,1242.094102,3,5770.906,2548.872988
91,100,108.0511413,4,5553.775,4267.362118
91,100,346.9201465,5,5309.274,5931.467614
92,50,1069.216553,1,1736.2685,1119.884525
92,50,93.90222367,2,1494.48,1429.004667
92,50,138.3103618,3,2179.9765,2671.177705
92,50,581.8881456,4,1543.6125,4115.188117
92,50,1596.248094,5,2494.442,1408.467449
92,100,744.0483123,1,3472.537,907.1855485
92,100,974.3544774,2,2988.96,3162.447851
92,100,1433.036877,3,4359.953,1980.549422
92,100,919.581032,4,3087.225,720.2003144
92,100,764.2182836,5,4988.884,2162.894378
93,50,10.88431537,1,2606.2625,3484.062832
93,50,1063.935914,2,1854.327,4072.694428
93,50,1157.513334,3,2890.7,3051.374198
93,50,1111.430694,4,2298.06,2499.333733
93,50,652.3576105,5,2807.0255,2835.70499
93,100,241.7146906,1,5212.525,3590.934485
93,100,914.1790177,2,3708.654,4542.826111
93,100,352.357197,3,5781.4,1659.758323
93,100,1112.294825,4,4596.12,5399.98185
93,100,1436.204112,5,5614.051,1021.668123
94,50,40.03036825,1,1949.631,2125.438028
94,50,900.6378531,2,1704.781,2940.081957
94,50,1465.739641,3,2785.7445,4194.609697
94,50,374.08817,4,2092.374,1678.960767
94,50,584.3849251,5,2947.902,1390.124468
94,100,843.729069,1,3899.262,2273.477115
94,100,162.0860371,2,3409.562,1161.033816
94,100,204.2496763,3,5571.489,1015.528166
94,100,705.4878537,4,4184.748,697.0608478
94,100,1873.416898,5,5895.804,1874.296552
95,50,699.2172639,1,2819.625,778.2040074
95,50,31.51096495,2,2064.628,5047.2003
95,50,317.6889394,3,3496.468,5218.964331
95,50,1743.757339,4,2846.8215,5965.398879
95,50,1532.553773,5,3260.4855,4660.950559
95,100,670.7416982,1,5639.25,6094.993076
95,100,445.2559419,2,4129.256,2330.998396
95,100,1083.429621,3,6992.936,2796.222997
95,100,250.5559599,4,5693.643,678.6766146
95,100,1408.831663,5,6520.971,926.5393817
96,50,16.3687542,1,939.861,1133.108986
96,50,185.4073906,2,857.696,1578.874633
96,50,339.6171578,3,1447.8235,846.8571618
96,50,298.0639623,4,744.577,1114.702968
96,50,916.4118807,5,1630.256,672.3928832
96,100,430.0386144,1,1879.722,2213.832503
96,100,405.4923302,2,1715.392,2227.617045
96,100,134.9752858,3,2895.647,967.3130005
96,100,14.02887939,4,1489.154,1879.083249
96,100,136.6112447,5,3260.512,702.4899291
97,50,526.2995572,1,1809.855,1849.328103
97,50,554.8064923,2,1217.543,1205.676139
97,50,250.3750751,3,2158.547,618.6619623
97,50,623.1783915,4,1499.0245,1099.948114
97,50,541.5934091,5,1942.8395,2178.865809
97,100,859.9208215,1,3619.71,3308.232277
97,100,700.7166936,2,2435.086,772.8143776
97,100,1263.329741,3,4317.094,1491.247273
97,100,971.4706508,4,2998.049,3188.232043
97,100,339.3201986,5,3885.679,774.9192211
98,50,213.4921896,1,1153.2235,2401.77969
98,50,48.57982262,2,1067.997,2107.112049
98,50,976.2405278,3,2053.5915,738.5739689
98,50,757.9612493,4,1293.3385,1133.023319
98,50,717.4473774,5,2083.716,2985.174667
98,100,211.0330138,1,2306.447,864.935374
98,100,240.3598257,2,2135.994,3386.640873
98,100,251.8917209,3,4107.183,3427.401597
98,100,448.9072422,4,2586.677,1671.323415
98,100,1178.537887,5,4167.432,942.2714157
99,50,71.62187963,1,2023.2175,2158.99064
99,50,638.5419904,2,1427.844,985.0514484
99,50,620.8683773,3,2764.315,1900.712895
99,50,1330.436721,4,2047.786,2713.268686
99,50,1245.883411,5,2396.2995,2232.537435
99,100,76.77195473,1,4046.435,3873.899094
99,100,108.3654086,2,2855.688,1823.75684
99,100,313.6982846,3,5528.63,1839.603278
99,100,443.9778744,4,4095.572,1792.961179
99,100,295.4705341,5,4792.599,1203.356959
100,50,287.6080433,1,1038.0855,990.6869125
100,50,792.8075071,2,1315.083,1293.830344
100,50,206.1344681,3,2058.8385,920.5181974
100,50,352.7367095,4,814.511,1536.783461
100,50,48.73033752,5,2236.1045,1056.927705
100,100,514.7486019,1,2076.171,2285.271615
100,100,643.5114599,2,2630.166,2150.644829
100,100,510.8623673,3,4117.677,1888.791504
100,100,386.6467671,4,1629.022,1125.966219
100,100,1148.821324,5,4472.209,2572.651546
101,50,781.5795292,1,1908.0795,1241.143307
101,50,856.1266061,2,1674.93,896.5573094
101,50,635.1366707,3,2769.562,2813.481359
101,50,173.9390874,4,1568.9585,2923.232642
101,50,32.6610314,5,2548.688,2274.231009
101,100,239.4551813,1,3816.159,1306.876717
101,100,726.0493191,2,3349.86,1027.920199
101,100,1679.052805,3,5539.124,3039.298035
101,100,584.4477056,4,3137.917,4683.67741
101,100,1171.799413,5,5097.376,2356.411327
102,50,364.5868489,1,1251.448,2531.619104
102,50,734.0797948,2,1525.384,2923.189955
102,50,1658.156691,3,2664.6065,2365.881457
102,50,228.6744129,4,1363.2725,2356.820901
102,50,133.2332763,5,2689.5645,1003.480467
102,100,338.2142528,1,2502.896,1949.470758
102,100,563.0198889,2,3050.768,744.0796686
102,100,1765.17536,3,5329.213,4737.451214
102,100,376.8900063,4,2726.545,2880.185416
102,100,1673.261727,5,5379.129,2290.241068
103,50,651.5464085,1,2121.442,3245.168637
103,50,557.5388552,2,1885.231,4615.377684
103,50,1221.528539,3,3375.33,3087.307679
103,50,1154.993254,4,2117.72,827.3312109
103,50,816.2198688,5,3002.148,818.1446245
103,100,813.0371805,1,4242.884,4659.315139
103,100,569.3273191,2,3770.462,2709.177375
103,100,147.7161881,3,6750.66,1107.513027
103,100,1358.433985,4,4235.44,4203.301179
103,100,1958.463024,5,6004.296,1909.440135
104,50,856.8066129,1,1739.929,2979.070581
104,50,411.0898528,2,1463.0315,1335.668367
104,50,465.0700188,3,2189.7515,1825.474116
104,50,490.5580844,4,1286.7425,990.9254789
104,50,1131.396215,5,2062.5715,991.3101055
104,100,431.1700367,1,3479.858,731.0937091
104,100,777.5533945,2,2926.063,2974.540502
104,100,1277.879103,3,4379.503,1469.470743
104,100,618.4313452,4,2573.485,3142.719181
104,100,626.5126247,5,4125.143,2717.741089
105,50,883.0672648,1,2609.923,3780.137153
105,50,984.9245251,2,1822.8785,1567.163462
105,50,1284.942289,3,2900.475,1989.135996
105,50,1135.958685,4,2041.19,2672.33885
105,50,1216.668862,5,2375.155,1467.014261
105,100,1417.427182,1,5219.846,1131.330521
105,100,160.4379232,2,3645.757,809.4583539
105,100,970.4921769,3,5800.95,2480.529442
105,100,127.9949831,4,4082.38,1400.258521
105,100,465.6193029,5,4750.31,4402.588465
106,50,945.0777768,1,1953.2915,720.4152741
106,50,1107.872304,2,1673.3325,605.99652
106,50,914.8297224,3,2795.5195,3286.155306
106,50,127.8283958,4,1835.504,1064.664918
106,50,923.1565634,5,2516.0315,1892.884517
106,100,318.9663675,1,3906.583,1728.205085
106,100,538.4812281,2,3346.665,1403.818974
106,100,989.1514492,3,5591.039,637.668619
106,100,977.6602996,4,3671.008,630.0474895
106,100,1537.258404,5,5032.063,2913.584316
107,50,754.0199591,1,2823.2855,642.4446252
107,50,1228.918424,2,2033.1795,1702.964555
107,50,1240.797014,3,3506.243,4269.678921
107,50,1594.996519,4,2589.9515,3674.094336
107,50,911.7069704,5,2828.615,1472.086045
107,100,234.6555053,1,5646.571,3534.974903
107,100,479.7073755,2,4066.359,727.1899912
107,100,1234.621145,3,7012.486,2652.896284
107,100,328.4962987,4,5179.903,2355.253934
107,100,600.4546072,5,5657.23,3230.927692
108,50,593.1839655,1,1838.1535,2772.676569
108,50,380.349091,2,1920.4185,2808.958891
108,50,217.7327922,3,2800.7665,2218.147721
108,50,25.33708795,4,1356.6765,1133.626995
108,50,257.3377785,5,2668.42,3338.850083
108,100,1021.784363,1,3676.307,2554.603305
108,100,389.7240878,2,3840.837,3155.243804
108,100,1791.405157,3,5601.533,4195.809291
108,100,545.2078906,4,2713.353,3401.092684
108,100,512.3361957,5,5336.84,1509.670476
109,50,583.1590134,1,2708.1475,4464.345206
109,50,750.9724315,2,2280.2655,1115.904472
109,50,1059.657097,3,3511.49,2203.389078
109,50,1282.080855,4,2111.124,839.5285302
109,50,1985.452142,5,2981.0035,669.6229541
109,100,648.1619624,1,5416.295,4171.80612
109,100,524.0572964,2,4560.531,3331.676986
109,100,1342.714662,3,7022.98,4671.760863
109,100,72.02115966,4,4222.248,4702.614141
109,100,579.8696951,5,5962.007,3962.875492
110,50,761.4026691,1,2051.516,1517.460389
110,50,773.2080025,2,2130.7195,3132.415129
110,50,1817.066263,3,3406.5345,1781.722678
110,50,900.5373006,4,1905.438,3111.320835
110,50,651.6285752,5,3121.88,3255.988047
110,100,1242.763887,1,4103.032,2363.583255
110,100,1179.616447,2,4261.439,1177.093625
110,100,255.3177742,3,6813.069,1240.571828
110,100,184.7392606,4,3810.876,2266.404613
110,100,975.0499859,5,6243.76,1127.754321
111,50,406.3759606,1,2921.51,4334.266293
111,50,1069.848694,2,2490.5665,1462.099376
111,50,881.1058011,3,4117.258,6863.993826
111,50,407.52182,4,2659.8855,3667.690091
111,50,535.3864623,5,3434.4635,4792.994941
111,100,582.8235333,1,5843.02,3808.280814
111,100,118.2142136,2,4981.133,2350.96535
111,100,320.5372933,3,8234.516,1580.8233
111,100,929.4413968,4,5319.771,1786.683356
111,100,2195.528212,5,6868.927,700.348064
112,50,112.2724587,1,1361.495,1469.802432
112,50,109.1227339,2,1069.868,1377.18549
112,50,468.7394507,3,1582.6795,1855.551352
112,50,136.7545782,4,975.6545,1819.875789
112,50,786.6443418,5,2218.452,680.1896463
112,100,852.5957485,1,2722.99,2776.582031
112,100,523.8663239,2,2139.736,726.6898132
112,100,1003.147489,3,3165.359,850.2011298
112,100,127.5063742,4,1951.309,1736.513165
112,100,912.8519786,5,4436.904,1048.035658
113,50,189.5222945,1,2231.489,4359.123428
113,50,70.28465841,2,1429.715,931.4708293
113,50,960.4867494,3,2293.403,2393.72504
113,50,960.363045,4,1730.102,3478.31107
113,50,1516.649822,5,2531.0355,856.6569463
113,100,951.4581811,1,4462.978,2489.559761
113,100,850.3548107,2,2859.43,1176.18561
113,100,1315.324113,3,4586.806,2334.995754
113,100,436.7881716,4,3460.204,1996.237803
113,100,1045.821891,5,5062.071,3312.828757
114,50,267.7296398,1,1574.8575,2305.250805
114,50,99.72646639,2,1280.169,3493.361374
114,50,1334.207785,3,2188.4475,755.5671088
114,50,127.5031416,4,1524.416,3500.536434
114,50,167.853397,5,2671.912,1449.054499
114,100,117.6572659,1,3149.715,2402.775789
114,100,843.687028,2,2560.338,2711.342295
114,100,46.67397134,3,4376.895,3973.416428
114,100,226.0124577,4,3048.832,2298.148161
114,100,252.7197282,5,5343.824,2030.865593
115,50,1240.126731,1,2444.8515,2364.918361
115,50,232.8801726,2,1640.016,3791.994763
115,50,335.1731106,3,2899.171,1031.099481
115,50,1236.001256,4,2278.8635,3949.224606
115,50,1040.713827,5,2984.4955,3382.390684
115,100,664.3014313,1,4889.703,1314.920995
115,100,181.2109512,2,3280.032,745.0289863
115,100,1247.302614,3,5798.342,3527.876733
115,100,1090.518403,4,4557.727,1377.110929
115,100,1060.413836,5,5968.991,2363.725315
116,50,856.4445814,1,1459.7195,3708.05532
116,50,483.6704897,2,1527.255,1620.860119
116,50,1294.517406,3,2193.6945,1952.396278
116,50,106.2028937,4,1045.5885,2543.019963
116,50,121.7889744,5,2824.3005,924.0778306
116,100,90.22556319,1,2919.439,1981.431734
116,100,979.5507433,2,3054.51,3471.145041
116,100,136.7060973,3,4387.389,1143.775627
116,100,315.4682502,4,2091.177,2262.899106
116,100,1541.932699,5,5648.601,2472.540209
117,50,772.2646974,1,2329.7135,3875.247123
117,50,1133.478172,2,1887.102,634.7610514
117,50,359.7164135,3,2904.418,2220.127166
117,50,1126.291087,4,1800.036,2463.831184
117,50,691.790597,5,3136.884,5044.177062
117,100,839.2398275,1,4659.427,785.3074382
117,100,898.6951162,2,3774.204,837.4937301
117,100,730.9367668,3,5808.836,1527.50264
117,100,951.9004433,4,3600.072,1154.645492
117,100,1776.243163,5,6273.768,2138.084782
118,50,1059.619799,1,1673.082,1467.17714
118,50,10.88968525,2,1737.556,1175.613822
118,50,974.9029539,3,2799.4625,3356.074409
118,50,1029.789168,4,1594.35,4168.420656
118,50,380.1774584,5,3277.7605,1674.637749
118,100,707.1530564,1,3346.164,4455.420021
118,100,444.2142602,2,3475.112,2168.567275
118,100,1044.136953,3,5598.925,2555.968561
118,100,455.2676104,4,3188.7,3251.312422
118,100,1050.476977,5,6555.521,715.0735113
119,50,857.9949629,1,2543.076,4258.78598
119,50,309.1741434,2,2097.403,2350.282904
119,50,1151.901515,3,3510.186,1735.506994
119,50,447.0956129,4,2348.7975,607.5561044
119,50,918.5574197,5,3590.344,788.6085564
119,100,1493.088584,1,5086.152,2913.722442
119,100,1092.126763,2,4194.806,1843.300966
119,100,624.7561763,3,7020.372,2404.501049
119,100,1497.880641,4,4697.595,900.6583629
119,100,212.9816629,5,7180.688,4641.225295
120,50,1010.398244,1,2161.563,622.1343369
120,50,998.1578297,2,1675.2035,3813.974535
120,50,608.4213046,3,2324.6075,737.2728002
120,50,112.55307,4,1517.82,2932.841566
120,50,350.1893377,5,2650.7675,1857.022426
120,100,125.6831732,1,4323.126,2224.280301
120,100,811.0165934,2,3350.407,2673.758705
120,100,131.781103,3,4649.215,1638.810386
120,100,105.4363028,4,3035.64,2503.004476
120,100,473.9548713,5,5301.535,2565.970843
121,50,1105.365696,1,3031.557,4624.830605
121,50,263.0071109,2,2035.0505,1962.721763
121,50,1951.496869,3,3035.331,1728.155702
121,50,420.6282374,4,2272.2675,1129.266423
121,50,980.6627842,5,2963.351,2652.127165
121,100,697.1817239,1,6063.114,4611.052215
121,100,869.4326065,2,4070.101,4472.598863
121,100,7.666035441,3,6070.662,1190.139683
121,100,676.8179397,4,4544.535,1368.006555
121,100,1273.973619,5,5926.702,4652.878849
122,50,1004.787396,1,2374.9255,2182.186724
122,50,910.6788465,2,1885.5045,5401.6936
122,50,1940.624337,3,2930.3755,3410.927239
122,50,326.2369275,4,2066.5815,728.5497336
122,50,1346.086445,5,3104.2275,606.6094957
122,100,555.1190437,1,4749.851,2470.968777
122,100,804.3231927,2,3771.009,2180.253466
122,100,1850.116202,3,5860.751,1440.817094
122,100,166.2065044,4,4133.163,3131.179888
122,100,795.8448979,5,6208.455,4607.147928
123,50,87.18667685,1,3244.9195,3214.244401
123,50,187.0107993,2,2245.3515,1804.413877
123,50,800.3320231,3,3641.099,3128.700159
123,50,1702.060083,4,2821.029,4942.464635
123,50,1670.676468,5,3416.811,4131.26655
123,100,1442.801621,1,6489.839,4305.890262
123,100,81.95274196,2,4490.703,6549.014264
123,100,584.062296,3,7282.198,5850.376625
123,100,1258.906923,4,5642.058,844.3272647
123,100,1971.48151,5,6833.622,1930.603523
124,50,515.5642272,1,2259.7875,1225.239282
124,50,696.9741972,2,2132.5905,3136.673605
124,50,782.4894776,3,2935.6225,1818.662628
124,50,157.387739,4,1587.754,3369.274444
124,50,1976.755867,5,3256.616,3798.716662
124,100,805.3092916,1,4519.575,1723.662512
124,100,38.51537239,2,4265.181,5925.698939
124,100,1006.658347,3,5871.245,1287.99777
124,100,812.1555727,4,3175.508,3298.281931
124,100,1164.995813,5,6513.232,2505.295144
125,50,1295.71913,1,3129.7815,1981.005472
125,50,612.3306164,2,2492.4375,5989.877899
125,50,1665.925088,3,3646.346,768.4266518
125,50,1295.729162,4,2342.2015,4145.769814
125,50,1550.110599,5,3569.1995,3730.41748
125,100,1414.783035,1,6259.563,885.9016065
125,100,1006.042994,2,4984.875,3648.243871
125,100,1563.536826,3,7292.692,3653.012558
125,100,152.3419212,4,4684.403,916.2067108
125,100,626.6872774,5,7138.399,2877.534204
126,50,490.5423589,1,2473.15,1809.219519
126,50,970.7905534,2,2342.8915,6164.928574
126,50,425.8697642,3,3541.3905,3175.993661
126,50,835.1089425,4,2136.5155,2049.348749
126,50,1573.540509,5,3710.076,6731.45873
126,100,597.9571476,1,4946.3,2924.059476
126,100,134.2226047,2,4685.783,4358.469912
126,100,1760.76271,3,7082.781,3378.775849
126,100,6.858511299,4,4273.031,2352.190191
126,100,242.3064111,5,7420.152,1027.814566
127,50,395.1067455,1,3343.144,1231.191521
127,50,197.9377721,2,2702.7385,5058.557454
127,50,1982.672403,3,4252.114,3039.510189
127,50,43.7778089,4,2890.963,623.833238
127,50,1780.422948,5,4022.6595,4749.239347
127,100,951.771113,1,6686.288,4402.121442
127,100,1145.659066,2,5405.477,804.8014791
127,100,2163.720573,3,8504.228,2078.778072
127,100,1147.486163,4,5781.926,4611.37062
127,100,2315.632395,5,8045.319,1861.766849
